family,algorithm,cases,mean_iou,median_iou,worst_iou,mean_fp_gt,mean_fn_gt,mean_area_ratio
midpoint,aabb_analytic,400,0.4066354752455778,0.4075612552655849,0.0377200335289186,0.8299714775475856,0.3295792384601758,1.5003922390874098
midpoint,direct,400,0.3559887750565736,0.330806954971021,0.0376569037656903,1.0806139685866263,0.32026297159691475,1.7603509969897115
midpoint,reconstruct,400,0.39794726709814976,0.39727479835115803,0.0398648648648648,1.0801343113334483,0.27085141628496484,1.8092828950484836
point,aabb_analytic,300,0.17057544646516115,0.1471064328094392,0.0,0.8630562304271926,0.6974250773556698,1.1656311530715229
point,direct,300,0.16643485318648413,0.15142103884019525,0.0,1.015753178750562,0.6710825076836675,1.3446706710668945
point,reconstruct,300,0.17962222456733287,0.1571692048614822,0.0,1.0831325983415474,0.6490813389301281,1.4340512594114192
sweep,aabb_analytic,2400,0.24610948976282795,0.22393782808398943,0.003338898163606,0.8321674058829475,0.582339590648261,1.2498278152346864
sweep,direct,2400,0.24294929637683385,0.2236185523689463,0.0033361134278565,0.9555212958166959,0.5524434445179074,1.4030778512987885
sweep,reconstruct,2400,0.2535405890514179,0.2323683441981373,0.0035650623885918,1.045430062481543,0.5284289391284438,1.5170011233530991
